Caught Up in You,.38 Special,1982
Fantasy Girl,.38 Special,
Hold On Loosely,.38 Special,1981
Rockin' Into the Night,.38 Special,1980
Art For Arts Sake,10cc,1975
Kryptonite,3 Doors Down,2000
Loser,3 Doors Down,2000
When I'm Gone,3 Doors Down,2002
What's Up?,4 Non Blondes,1992
Take On Me,a-ha,1985
"Baby, Please Don't Go",AC/DC,
Back In Black,AC/DC,1980
Big Gun,AC/DC,1993
CAN'T STOP ROCK'N'ROLL,AC/DC,
Dirty Deeds Done Dirt Cheap,AC/DC,1976
For Those About To Rock,AC/DC,1981
Girls Got Rhythm,AC/DC,
Hard As A Rock,AC/DC,1995
Have a Drink On Me,AC/DC,1980
Hells Bells,AC/DC,1980
Highway To Hell,AC/DC,1979
It's A Long Way To The Top,AC/DC,1975
Jailbreak,AC/DC,1984
Let There Be Rock,AC/DC,1977
Let's Get It Up,AC/DC,
Live Wire,AC/DC,
Moneytalks,AC/DC,
Night Prowler,AC/DC,1979
Rock and Roll Ain't Noise Pollution,AC/DC,1980
Shoot To Thrill,AC/DC,
Shot Down In Flames,AC/DC,1979
Sin City,AC/DC,
T.N.T.,AC/DC,1975
Thunderstruck,AC/DC,1990
Touch Too Much,AC/DC,1979
What Do You Do For Money Honey,AC/DC,
Who Made Who,AC/DC,1986
Whole Lotta Rosie,AC/DC,1977
You Shook Me All Night Long,AC/DC,1980
How Long,Ace,1974
Dog On A Leash,Adelitas Way,2014
Angel,Aerosmith,1987
"Baby, Please Don't Go",Aerosmith,
Back in the Saddle,Aerosmith,1976
Big Ten Inch,Aerosmith,1975
Come Together,Aerosmith,
Crazy,Aerosmith,1993
Cryin',Aerosmith,1993
Draw The Line,Aerosmith,1977
Dream On,Aerosmith,1973
Dude (Looks Like a Lady),Aerosmith,1987
Jaded,Aerosmith,2001
Janie's Got A Gun,Aerosmith,1989
Kings and Queens,Aerosmith,
Last Child,Aerosmith,1976
Let the Music Do the Talking,Aerosmith,1985
Livin' On The Edge,Aerosmith,1993
Love In An Elevator,Aerosmith,1989
Mama Kin,Aerosmith,1973
No More No More,Aerosmith,1975
One Way Street,Aerosmith,
Pink,Aerosmith,1997
Rag Doll,Aerosmith,1987
Same Old Song and Dance,Aerosmith,1974
Seasons of Wither,Aerosmith,1974
Sweet Emotion,Aerosmith,1975
The Other Side,Aerosmith,
Toys in the Attic,Aerosmith,1975
Train Kept A-Rollin',Aerosmith,1974
Walk This Way,Aerosmith,1975
What It Takes,Aerosmith,1989
You See Me Crying,Aerosmith,
Hand In My Pocket,Alanis Morissette,1995
You Oughta Know,Alanis Morissette,1995
Black Velvet,Alannah Myles,1989
Fantasy,Aldo Nova,
BE MY LOVER,Alice Cooper,
Billion Dollar Babies,Alice Cooper,1973
Eighteen,Alice Cooper,1971
Elected,Alice Cooper,1973
House Of Fire,Alice Cooper,
I'm Eighteen,Alice Cooper,1971
No More Mr. Nice Guy,Alice Cooper,1973
School's Out,Alice Cooper,1972
Under My Wheels,Alice Cooper,1971
Welcome To My Nightmare,Alice Cooper,1975
Down in a Hole,Alice In Chains,1992
Man In The Box,Alice In Chains,1990
No Excuses,Alice In Chains,1994
Rooster,Alice In Chains,1992
Them Bones,Alice In Chains,1992
Would?,Alice In Chains,1992
Ain't Wastin' Time No More,Allman Brothers Band,1972
Blue Sky,Allman Brothers Band,1972
Good Clean Fun,Allman Brothers Band,1990
In Memory Of Elizabeth Reed,Allman Brothers Band,1970
Jessica,Allman Brothers Band,1973
Melissa,Allman Brothers Band,1972
Midnight Rider,Allman Brothers Band,1970
No One to Run With,Allman Brothers Band,1994
One Way Out,Allman Brothers Band,
Ramblin' Man,Allman Brothers Band,1973
Southbound,Allman Brothers Band,
Statesboro Blues,Allman Brothers Band,1971
Whippin' Post,Allman Brothers Band,
A Horse With No Name,America,1972
Sister Golden Hair,America,1975
Ventura Highway,America,1972
Don't Bring Me Down,Animals II,1966
Don't Let Me Be Misunderstood,Animals II,1965
Immigrant Song,Ann Wilson,
Roller,April Wine,
Hold Your Head Up,Argent,1972
Coming into Los Angeles,Arlo Guthrie,
Wayside,Artful Dodger,
Heat of the Moment,Asia,1982
Only Time Will Tell,Asia,1982
So Into You,Atlanta Rhythm Section,1976
Spooky,Atlanta Rhythm Section,
Like a Stone,Audioslave,2002
Blondes In Black Cars,Autograph,
Turn Up the Radio,Autograph,1984
Rock And Roll Party In The Streets,Axe,
Let It Ride,Bachman-Turner Overdrive,1973
Roll On Down The Highway,Bachman-Turner Overdrive,
Takin' Care Of Business,Bachman-Turner Overdrive,1973
You Ain't Seen Nothin' Yet,Bachman-Turner Overdrive,1974
Bad Company,Bad Company,1974
Burnin' Sky,Bad Company,1977
Can't Get Enough,Bad Company,1974
Feel Like Makin' Love,Bad Company,
Gone Gone Gone,Bad Company,
Good Lovin' Gone Bad,Bad Company,
Movin' On,Bad Company,
Ready For Love,Bad Company,
Rock 'n' Roll Fantasy,Bad Company,
Rock Steady,Bad Company,
Run With The Pack,Bad Company,
Seagull,Bad Company,1974
Shooting Star,Bad Company,1975
"Silver, Blue And Gold",Bad Company,
When I See You Smile,Bad English,1989
No Matter What,Badfinger,1970
Walks Like A Woman,Baton Rouge,
(You Gotta) Fight for Your Right (To Party),Beastie Boys,1986
No Sleep Till Brooklyn,Beastie Boys,1986
Loser,Beck,1994
In a Big Country,Big Country,1983
Rock Around the Clock,Bill Haley,1955
AIN'T NO SUNSHINE,Bill Withers,1971
Cradle of Love,Billy Idol,1990
Dancing With Myself,Billy Idol,1980
Eyes Without a Face,Billy Idol,1984
Mony Mony,Billy Idol,
Rebel Yell,Billy Idol,1984
White Wedding,Billy Idol,1982
Allentown,Billy Joel,1982
Big Shot,Billy Joel,1978
Captain Jack,Billy Joel,1973
Don't Ask Me Why,Billy Joel,
Goodnight Saigon,Billy Joel,1983
It's Still Rock And Roll To Me,Billy Joel,1980
Miami 2017 {seen The Lights Go Out On Broadway} (live 1,Billy Joel,1976
Movin' Out (Anthony's Song),Billy Joel,1977
My Life,Billy Joel,1978
New York State Of Mind,Billy Joel,1976
Only The Good Die Young,Billy Joel,1977
Piano Man,Billy Joel,1973
Prelude/angry Young Man,Billy Joel,
Scenes From An Italian Restaurant,Billy Joel,1977
SHE'S ALWAYS A WOMAN,Billy Joel,1977
Sometimes A Fantasy,Billy Joel,1980
The Ballad Of Billy The Kid,Billy Joel,1973
The Stranger,Billy Joel,1977
You May Be Right,Billy Joel,1980
Baby Come Back,Billy Rankin,
Everybody Wants You,Billy Squier,
In the Dark,Billy Squier,
Lonely Is the Night,Billy Squier,1981
My Kinda Lover,Billy Squier,
Rock Me Tonight,Billy Squier,1984
She's a Runner,Billy Squier,
The Stroke,Billy Squier,1981
Children Of The Sun,Billy Thorpe,
Fairies Wear Boots,Black Sabbath,1970
Heaven and Hell,Black Sabbath,1980
Iron Man,Black Sabbath,1972
N.i.b.,Black Sabbath,1970
Neon Knights,Black Sabbath,1980
Paranoid,Black Sabbath,1970
Sweet Leaf,Black Sabbath,1971
The Wizard,Black Sabbath,1970
War Pigs,Black Sabbath,1970
Highway Song,Blackfoot,
"Train, Train",Blackfoot,1979
Can't Find My Way Home,Blind Faith,1969
Presence of the Lord,Blind Faith,1969
No Rain,Blind Melon,1992
Presence of the Lord,Blind Melon,
All the Small Things,Blink-182,1999
Call Me,Blondie,1980
Heart of Glass,Blondie,1978
One Way Or Another,Blondie,1978
(Don't Fear) The Reaper,Blue Oyster Cult,1976
Bucks Boogie,Blue Oyster Cult,
Burnin' for You,Blue Oyster Cult,1981
Godzilla,Blue Oyster Cult,1977
I Love the Night,Blue Oyster Cult,1977
Summertime Blues,Blue Oyster Cult,
Song 2,Blur,1997
Just Like A Woman,Bob Dylan,1966
Knockin' On Heaven's Door,Bob Dylan,1973
Like a Rolling Stone,Bob Dylan,1965
Positively 4th Street,Bob Dylan,1965
Subterranean Homesick Blues,Bob Dylan,1965
Tangled Up In Blue,Bob Dylan,1975
Exodus,Bob Marley,
Jamming,Bob Marley,
"No Woman, No Cry",Bob Marley,1975
One Love,Bob Marley,1977
Stir It Up,Bob Marley,
Three Little Birds,Bob Marley,
Against The Wind,Bob Seger,1980
Betty Lou's Gettin' Out Tonigh,Bob Seger,
Come to Poppa,Bob Seger,
Feel Like a Number,Bob Seger,
Fire Down Below,Bob Seger,1977
Get Out of Denver,Bob Seger,
Her Strut,Bob Seger,1980
Hollywood Nights,Bob Seger,1978
Horizontal Bop,Bob Seger,
Katmandu,Bob Seger,1975
Mainstreet,Bob Seger,1977
Night Moves,Bob Seger,1976
Old Time Rock & Roll,Bob Seger,1978
Ramblin' Gamblin' Man,Bob Seger,1968
Rock And Roll Never Forgets,Bob Seger,1977
Roll Me Away,Bob Seger,
Still the Same,Bob Seger,1978
Sunspot Baby,Bob Seger,
The Fire Down Below,Bob Seger,
Travelin' Man,Bob Seger,
Turn On Your Love Light,Bob Seger,
Turn The Page,Bob Seger,1973
We've Got Tonite,Bob Seger,1978
You'll Accompany Me,Bob Seger,
Hypnotized,Bob Welch,
Bad Medicine,Bon Jovi,1988
Blaze of Glory,Bon Jovi,1990
Born To Be My Baby,Bon Jovi,1989
Lay Your Hands On Me,Bon Jovi,1988
Livin' On A Prayer,Bon Jovi,1986
Raise Your Hands,Bon Jovi,
Runaway,Bon Jovi,1984
She Don't Know Me,Bon Jovi,
Wanted Dead or Alive,Bon Jovi,1986
You Give Love A Bad Name,Bon Jovi,1986
Wait For You,Bonham,
Green Onions,Booker T. and the MG's,1962
A Man I'll Never Be,Boston,
Amanda,Boston,1986
Cool The Engines,Boston,
Don't Look Back,Boston,1978
Feelin' Satisfied,Boston,
Foreplay (Long Time),Boston,1976
Hitch A Ride,Boston,1976
Let Me Take You Home Tonight,Boston,1976
More Than a Feeling,Boston,1976
Party,Boston,
Peace of Mind,Boston,1976
Rock & Roll Band,Boston,1976
Smokin',Boston,1976
Something About You,Boston,
The Journey/It's Easy,Boston,
Used To Bad News,Boston,
We're Ready,Boston,
Lido Shuffle,Boz Scaggs,1976
Lowdown,Boz Scaggs,1976
Tarkio Road,Brewer & Shipley,
The Way It Is,Bruce Hornsby & The Range,1986
Atlantic City,Bruce Springsteen,1982
Backstreets,Bruce Springsteen,1975
Badlands,Bruce Springsteen,1978
Blinded By the Light,Bruce Springsteen,1973
Born In the U.S.A.,Bruce Springsteen,1984
Born To Run,Bruce Springsteen,1975
Cover Me,Bruce Springsteen,1984
Dancing In the Dark,Bruce Springsteen,1984
Glory Days,Bruce Springsteen,1984
Growin' Up,Bruce Springsteen,1973
Hungry Heart,Bruce Springsteen,1980
I'm On Fire,Bruce Springsteen,1984
It's Hard to Be a Saint in the City,Bruce Springsteen,1973
Jersey Girl,Bruce Springsteen,
Jungleland,Bruce Springsteen,1975
Pink Cadillac,Bruce Springsteen,1984
Prove It All Night,Bruce Springsteen,1978
Racing in the Streets,Bruce Springsteen,1978
Rosalita (Come Out Tonight),Bruce Springsteen,1973
She's The One,Bruce Springsteen,1975
Spirit In The Night,Bruce Springsteen,1973
Tenth Avenue Freeze-Out,Bruce Springsteen,1975
Thunder Road,Bruce Springsteen,1975
Cuts Like a Knife,Bryan Adams,1983
Heaven,Bryan Adams,1984
Run to You,Bryan Adams,1984
Somebody,Bryan Adams,1984
Summer Of '69,Bryan Adams,1984
Sorry,Buckcherry,2007
For What It's Worth,Buffalo Springfield,1966
Mr. Soul,Buffalo Springfield,1967
Rock & Roll Woman,Buffalo Springfield,
Comedown,Bush,1994
Machinehead,Bush,1994
Far Behind,Candlebox,1993
Goin' up the Country,Canned Heat,1968
On the Road Again,Canned Heat,1968
IT'S TOO LATE,Carole King,1971
Oh Very Young,Cat Stevens,
WILD WORLD,Cat Stevens,1971
In America,Charlie Daniels Band,1980
Long Haired Country Boy,Charlie Daniels Band,1975
The Devil Went Down To Georgia,Charlie Daniels Band,1979
The Legend Of Wooley Swamp,Charlie Daniels Band,
The South's Gonna Do It Again,Charlie Daniels Band,1975
Uneasy Rider,Charlie Daniels Band,1973
Ain't That a Shame,Cheap Trick,
Dream Police,Cheap Trick,
I Want You to Want Me,Cheap Trick,1977
She's Tight,Cheap Trick,
Surrender,Cheap Trick,1978
Take Out The Gunman,Chevelle,2014
25 Or 6 To 4,Chicago,1970
Beginnings,Chicago,
Feeling Stronger Every,Chicago,1973
I'm a Man,Chicago,
JUST YOU AND ME,Chicago,
Make Me Smile,Chicago,1970
Questions 67 and 68,Chicago,1969
Saturday In the Park,Chicago,1972
South California Purples,Chicago,
JOHNNY B. GOODE,Chuck Berry,1958
Coming Home,Cinderella,1988
Don't Know What You Got,Cinderella,1988
Gypsy Road,Cinderella,1988
Nobody's Fool,Cinderella,1986
Somebody Save Me,Cinderella,1986
Better Off Without You,Clarks,
Born Too Late,Clarks,
Cigarette,Clarks,
Hey You,Clarks,
Maybe,Clarks,
Penny On The Floor,Clarks,
The River,Clarks,
December,Collective Soul,
Shine,Collective Soul,1993
The World I Know,Collective Soul,1995
Hot Rod Lincoln,Commander Cody,1971
Monkey Bars,Coney Hatch,
Mr. Jones,Counting Crows,1993
Low,Cracker,1993
Badge,Cream,1969
Born Under A Bad Sign,Cream,
Crossroads,Cream,1968
I'm So Glad,Cream,1966
Sunshine of Your Love,Cream,1967
Tales Of Brave Ulysses,Cream,1967
White Room,Cream,1968
Higher,Creed,1999
My Sacrifice,Creed,
With Arms Wide Open,Creed,1999
Bad Moon Rising,Creedence Clearwater Revival,1969
Born On the Bayou,Creedence Clearwater Revival,1969
Commotion,Creedence Clearwater Revival,
Down On the Corner,Creedence Clearwater Revival,1969
Fortunate Son,Creedence Clearwater Revival,1970
Green River,Creedence Clearwater Revival,1969
Have You Ever Seen the Rain?,Creedence Clearwater Revival,1971
I Heard It Through the Grapevine,Creedence Clearwater Revival,
Lodi,Creedence Clearwater Revival,1969
Lookin' Out My Back Door,Creedence Clearwater Revival,1970
Proud Mary,Creedence Clearwater Revival,1969
Run Through the Jungle,Creedence Clearwater Revival,1970
Suzie Q,Creedence Clearwater Revival,1968
Sweet Hitch Hiker,Creedence Clearwater Revival,1971
The Midnight Special,Creedence Clearwater Revival,
Travelin' Band,Creedence Clearwater Revival,1970
Up Around the Bend,Creedence Clearwater Revival,1970
Who'll Stop the Rain,Creedence Clearwater Revival,1970
Fire Woman,"Crosby, Stills & Nash",
Helplessly Hoping,"Crosby, Stills & Nash",1969
Long Time Gone,"Crosby, Stills & Nash",1969
Southern Cross,"Crosby, Stills & Nash",1982
Suite: Judy Blue Eyes,"Crosby, Stills & Nash",1969
Carry On,"Crosby, Stills, Nash & Young",1970
Ohio,"Crosby, Stills, Nash & Young",1970
Woodstock,"Crosby, Stills, Nash & Young",1970
(I Just) Died in Your Arms,Cutting Crew,1986
High Enough,Damn Yankees,1990
I HEAR YOU KNOCKING,Dave Edmunds,1970
Headkeeper,Dave Mason,
Only You Know And I Know,Dave Mason,
We Just Disagree,Dave Mason,1977
Welcome To The Boomtown,David & David,1986
Changes,David Bowie,1971
China Girl,David Bowie,1983
Diamond Dogs,David Bowie,1974
Fame,David Bowie,1975
Fashion,David Bowie,1980
Friday on My Mind,David Bowie,
Golden Years,David Bowie,1975
Heroes,David Bowie,1977
Jean Genie,David Bowie,
Let's Dance,David Bowie,1983
Modern Love,David Bowie,1983
Panic in Detroit,David Bowie,
Rebel Rebel,David Bowie,1974
Space Oddity,David Bowie,1969
Starman,David Bowie,1972
Stay,David Bowie,
Suffragette City,David Bowie,1972
Young Americans,David Bowie,1975
Ziggy Stardust,David Bowie,1972
Rock On,David Essex,1974
There's No Way Out Of Here,David Essex,
There's No Way Out Of Here,David Gilmour,
Frenchette,David Johansen,
California Girls,David Lee Roth,
Just A Gigolo / I Ain't Got Nobody,David Lee Roth,1985
Yankee Rose,David Lee Roth,1986
Burn,Deep Purple,1974
Child In Time,Deep Purple,1970
Highway Star,Deep Purple,1972
Hush,Deep Purple,1968
Kentucky Woman,Deep Purple,1968
Knocking At Your Backdoo,Deep Purple,1984
Lazy,Deep Purple,1972
Perfect Strangers,Deep Purple,
Smoke On The Water,Deep Purple,1972
Space Truckin',Deep Purple,
Woman From Tokyo,Deep Purple,
Animal,Def Leppard,1987
Armageddon It,Def Leppard,1987
Bringin' On The Heartbreak,Def Leppard,
Foolin',Def Leppard,
Hysteria,Def Leppard,1987
Love Bites,Def Leppard,1987
On Through The Night,Def Leppard,
Photograph,Def Leppard,1983
Pour Some Sugar On Me,Def Leppard,1987
Rock of Ages,Def Leppard,1983
Rock Rock,Def Leppard,
Rocket,Def Leppard,1987
Too Late for Love,Def Leppard,
Enjoy the Silence,Depeche Mode,1990
Bell Bottom Blues,Derek & The Dominos,1970
Have You Ever Loved a Woman,Derek & The Dominos,
Layla,Derek & The Dominos,1970
Recognition,Detective,
ANGELOS,Dick Siegel,
Holy Diver,Dio,
Rainbow In the Dark,Dio,
The Last In Line,Dio,
Brothers In Arms,Dire Straits,1985
Down To The Waterline,Dire Straits,1978
Expresso Love,Dire Straits,1980
Industrial Disease,Dire Straits,1982
Lady Writer,Dire Straits,1979
Money for Nothing,Dire Straits,1985
Romeo And Juliet,Dire Straits,1980
So Far Away,Dire Straits,1985
Solid Rock,Dire Straits,
Sultans of Swing,Dire Straits,1978
Walk of Life,Dire Straits,1985
Counting Blue Cars,Dishwalla,1995
Drift Away,Dobie Gray,1973
Alone Again,Dokken,
In My Dreams,Dokken,
Into The Fire,Dokken,
Heavy Metal,Don Felder,1981
All She Wants to Do Is Dance,Don Henley,1985
Dirty Laundry,Don Henley,1982
Sunset Grill,Don Henley,1985
The Boys Of Summer,Don Henley,1985
The Heart of the Matter,Don Henley,1989
The Last Worthless Evening,Don Henley,
American Pie,Don McLean,1971
Ah! Leah!,Donnie Iris,1980
Love Is Like A Rock,Donnie Iris,1981
Season of the Witch,Donovan,1966
Sunshine Superman,Donovan,1966
COVER OF THE ROLLING STONE,Dr. Hook & the Medicine Show,
Right Place Wrong Time,Dr. John,1973
"Anything, Anything",Dramarama,
"Hey, Hey (What Can I Do?)",Led Zeppelin,1970
Rio,Duran Duran,1982
Already Gone,Eagles,1974
Desperado,Eagles,1973
Heartache Tonight,Eagles,1979
Hotel California,Eagles,1976
I Can't Tell You Why,Eagles,1979
In The City,Eagles,1979
Life in the Fast Lane,Eagles,1976
Lyin' Eyes,Eagles,1975
New Kid In Town,Eagles,1976
One of These Nights,Eagles,1975
Peaceful Easy Feeling,Eagles,1972
Seven Bridges Road,Eagles,1980
Take It Easy,Eagles,1972
Take It to the Limit,Eagles,1975
Tequila Sunrise,Eagles,1973
The Best of My Love,Eagles,1974
The Long Run,Eagles,1979
Those Shoes,Eagles,1979
Victim of Love,Eagles,1976
Witchy Woman,Eagles,1972
Baby Hold On,Eddie Money,1977
Gimme Some Water,Eddie Money,
Shakin',Eddie Money,
Take Me Home Tonight,Eddie Money,1986
Think I'm In Love,Eddie Money,
Two Tickets To Paradise,Eddie Money,
Frankenstein,Edgar Winter Group,
Free Ride,Edgar Winter Group,1973
WAR,Edwin Starr,1970
CAN'T GET IT OUT OF MY HEAD,Electric Light Orchestra,1974
Do Ya,Electric Light Orchestra,
Don't Bring Me Down,Electric Light Orchestra,1979
Evil Woman,Electric Light Orchestra,1975
Fire On High,Electric Light Orchestra,1975
Livin' Thing,Electric Light Orchestra,1976
Roll Over Beethoven,Electric Light Orchestra,
Strange Magic,Electric Light Orchestra,1985
Sweet Talkin' Woman,Electric Light Orchestra,1978
Telephone Line,Electric Light Orchestra,
Turn To Stone,Electric Light Orchestra,1978
All The Girls Love Alice,Elton John,1973
Bennie And The Jets,Elton John,1973
Candle in the Wind,Elton John,1973
Captain Fantastic,Elton John,1975
Crocodile Rock,Elton John,1972
DANIEL,Elton John,1973
Don't Let The Sun Go Down On Me,Elton John,1974
Funeral for a Friend (Love Lies Bleeding),Elton John,1973
Goodbye Yellow Brick Road,Elton John,1973
Harmony,Elton John,1973
Honky Cat,Elton John,1972
Levon,Elton John,1071
Madman Across The Water,Elton John,1971
Rocket Man,Elton John,1972
Saturday Night's Alright for Fighting,Elton John,1973
Someone Saved My Life Tonight,Elton John,1975
Take Me to the Pilot,Elton John,
Teacher I Need You,Elton John,
THE BITCH IS BACK,Elton John,1974
Tiny Dancer,Elton John,1971
Where To Now St. Peter,Elton John,1970
Your Song,Elton John,1970
Fooled around and Fell in Love,Elvin Bishop,1975
Alison,Elvis Costello,1977
Pump It Up,Elvis Costello,1978
Veronica,Elvis Costello,1989
From the Beginning,"Emerson, Lake & Palmer",1972
Hoedown,"Emerson, Lake & Palmer",
Karn Evil 9,"Emerson, Lake & Palmer",1973
Lucky Man,"Emerson, Lake & Palmer",1970
Still You Turn Me On,"Emerson, Lake & Palmer",1973
After Midnight,Eric Clapton,1970
Bad Love,Eric Clapton,1989
Call Me the Breeze,Eric Clapton,
Cocaine,Eric Clapton,1977
"Don't Think Twice, It's Alright",Eric Clapton,
Forever Man,Eric Clapton,1985
I Can't Stand It,Eric Clapton,1981
I Shot The Sheriff,Eric Clapton,1974
I've Got a Rock 'N' Roll Heart,Eric Clapton,
It's In The Way That You Use It,Eric Clapton,1986
Knockin' On Heaven's Door,Eric Clapton,
Lay Down Sally,Eric Clapton,1977
Layla,Eric Clapton,
Let It Grow,Eric Clapton,1974
Let It Rain,Eric Clapton,1970
Pretending,Eric Clapton,1989
She's Waiting,Eric Clapton,1985
Tears In Heaven,Eric Clapton,
The Core,Eric Clapton,1977
Willie and the Hand Jive,Eric Clapton,
Wonderful Tonight,Eric Clapton,1977
Cliffs Of Dover,Eric Johnson,1990
The Final Countdown,Europe,1986
Sweet Dreams (Are Made of This),Eurythmics,1982
Inside Out,Eve 6,
Santa Monica,Everclear,1996
The Boys Are Back In Town,Everclear,
What It's Like,Everlast,1999
More Than Words,Extreme,1991
Mutha (Don't Wanna Go To School Today),Extreme,
Ooh La La,Faces,1973
Stay With Me,Faces,1971
Epic,Faith No More,1989
House Of Pain,Faster Pussycat,1990
All The Kings Horses,Firm,
Signs,Five Man Electrical Band,1970
Blue Letter,Fleetwood Mac,
Don't Stop,Fleetwood Mac,1977
Dreams,Fleetwood Mac,1977
Go Your Own Way,Fleetwood Mac,1977
Gold Dust Woman,Fleetwood Mac,1977
Gypsy,Fleetwood Mac,1982
Hold Me,Fleetwood Mac,1982
Hypnotized,Fleetwood Mac,1973
I Don't Want To Know,Fleetwood Mac,1977
I'm So Afraid,Fleetwood Mac,
Landslide,Fleetwood Mac,1975
Little Lies,Fleetwood Mac,1987
Monday Morning,Fleetwood Mac,1975
Never Going Back Again,Fleetwood Mac,1977
Oh Well,Fleetwood Mac,1969
Rhiannon,Fleetwood Mac,1975
Sara,Fleetwood Mac,1980
Say You Love Me,Fleetwood Mac,
Second Hand News,Fleetwood Mac,1977
Sentimental Lady,Fleetwood Mac,
The Chain,Fleetwood Mac,1977
Tusk,Fleetwood Mac,1979
World Turning,Fleetwood Mac,
You Make Loving Fun,Fleetwood Mac,1977
Hocus Pocus,Focus,1971
Dreamer,Foghat,
Fool For The City,Foghat,1975
I Just Want To Make Love To You,Foghat,
Slow Ride,Foghat,1975
All My Life,Foo Fighters,2002
Baker Street,Foo Fighters,
Best of You,Foo Fighters,2005
Everlong,Foo Fighters,1997
Learn To Fly,Foo Fighters,1999
Monkey Wrench,Foo Fighters,1997
My Hero,Foo Fighters,1997
The Pretender,Foo Fighters,2007
These Days,Foo Fighters,2011
Times Like These,Foo Fighters,2002
"Blue Morning, Blue Day",Foreigner,
Cold As Ice,Foreigner,1977
Dirty White Boy,Foreigner,1979
Double Vision,Foreigner,1978
Feels Like the First Time,Foreigner,1977
Head Games,Foreigner,
Hot Blooded,Foreigner,1978
I Want to Know What Love Is,Foreigner,1984
Juke Box Hero,Foreigner,1981
"Long, Long Way From Home",Foreigner,
Love Has Taken Its Toll,Foreigner,
Starrider,Foreigner,
That Was Yesterday,Foreigner,1984
Urgent,Foreigner,1981
Waiting for a Girl Like You,Foreigner,1981
Women,Foreigner,
Joe's Garage,Frank Zappa,1979
Peaches En Regalia,Frank Zappa,
All Right Now,Free,1970
Hemorrhage,Free,
Wishing Well,Free,1973
Maggot Brain,Funkadelic,1971
CARS,Gary Numan,1979
Dream Weaver,Gary Wright,1975
Love Is Alive,Gary Wright,
A Trick of the Tail,Genesis,1976
Abacab,Genesis,1981
Behind The Lines,Genesis,
Carpet Crawlers,Genesis,
Follow You Follow Me,Genesis,1978
Home by the Sea/Second Home by the Sea,Genesis,1983
Just A Job To Do,Genesis,
Land Of Confusion,Genesis,1986
Mama,Genesis,1983
Man On The Corner,Genesis,1981
Misunderstanding,Genesis,1980
No Reply At All,Genesis,1981
That's All,Genesis,1983
The Lamb Lies Down On Broadway,Genesis,1974
Tonight Tonight (live),Genesis,1986
Turn It On Again,Genesis,1980
Give Me Love,George Harrison,1973
GOT MY MIND SET ON YOU,George Harrison,1987
My Sweet Lord,George Harrison,1970
Bad to the Bone,George Thorogood,1982
Delaware Slide,George Thorogood,
Get A Haircut,George Thorogood,
I Drink Alone,George Thorogood,1985
It Wasn't Me,George Thorogood,
Move It On Over,George Thorogood,
"One Bourbon, One Scotch, One Beer",George Thorogood,
Who Do You Love,George Thorogood,
Keep Your Hands To Yourself,Georgia Satellites,1986
Baker Street,Gerry Rafferty,1978
Right Down the Line,Gerry Rafferty,1978
Found Out About You,Gin Blossoms,1993
Hey Jealousy,Gin Blossoms,1992
Smuggler's Blues,Glenn Frey,1984
You Belong to the City,Glenn Frey,1985
Marakesh Express,Gold Star Ballroom Orchestra,
Are You Receiving Me,Golden Earring,1973
Radar Love,Golden Earring,1973
Twilight Zone,Golden Earring,1983
Sundown,Gordon Lightfoot,1974
Soulshine,Gov't Mule,
Bad Time,Grand Funk Railroad,1974
Closer To Home (I'm Your Captain),Grand Funk Railroad,1970
Loco-Motion,Grand Funk Railroad,1974
Shinin' On,Grand Funk Railroad,1974
Some Kind of Wonderful,Grand Funk Railroad,1975
We're an American Band,Grand Funk Railroad,1973
Alabama Getaway,Grateful Dead,
Black-Throated Wind,Grateful Dead,
Casey Jones,Grateful Dead,1970
CHINA TOWN SHUFFLE ,Grateful Dead,
Friend Of The Devil,Grateful Dead,1970
Hell in a Bucket,Grateful Dead,
Loser,Grateful Dead,
Me and Bobby McGee,Grateful Dead,
NOT FADEAWAY/GOING /AWAY,Grateful Dead,
Scarlet Begonias,Grateful Dead,
Shakedown Street,Grateful Dead,
Sugar Magnolia,Grateful Dead,1970
Touch of Grey,Grateful Dead,1987
Truckin',Grateful Dead,1970
Turn On Your Lovelight,Grateful Dead,
U.S. Blues,Grateful Dead,
Uncle John's Band,Grateful Dead,1969
Mista Bone,Great White,
"Once Bitten, Twice Shy",Great White,1989
Rock Me,Great White,
Rollin' Stoned,Great White,
Save Your Love,Great White,
Basket Case,Green Day,1994
Boulevard Of Broken Dreams,Green Day,2004
Brain Stew/Jaded,Green Day,1995
Good Riddance (Time Of Your Life),Green Day,1997
Holiday (Live),Green Day,2004
Holiday / Boulevard of Broken Dreams,Green Day,2004
Longview,Green Day,1994
When I Come Around,Green Day,1994
The Break Up Song,Greg Kihn Band,1981
I'm No Angel,Gregg Allman,1987
Midnight Rider,Gregg Allman,1970
American Woman,Guess Who,1970
Friends Of Mine,Guess Who,
No Sugar Tonight / New Mother Nature,Guess Who,1970
No Time,Guess Who,
THESE EYES,Guess Who,1969
Civil War,Guns N' Roses,1991
Don't Cry,Guns N' Roses,
Knockin' On Heaven's Door,Guns N' Roses,
Live and Let Die,Guns N' Roses,
Mr. Brownstone,Guns N' Roses,1987
My Michelle,Guns N' Roses,1987
November Rain,Guns N' Roses,1991
Paradise City,Guns N' Roses,1987
Patience,Guns N' Roses,1988
Sweet Child O' Mine,Guns N' Roses,1987
Used To Love Her,Guns N' Roses,1988
Welcome to the Jungle,Guns N' Roses,1987
You Could Be Mine,Guns N' Roses,
AS FAR AS YOU CAN SEE (AS MU,Gypsy,
Axel F Theme,Harold Faltermeyer,1984
Cat's In The Cradle,Harry Chapin,1974
W*O*L*D*,Harry Chapin,1974
Jump into the Fire,Harry Nilsson,
Never Been Any Reason,Head East,1975
All I Wanna Do Is Make Love to You,Heart,
Alone,Heart,1987
Barracuda,Heart,1977
Bebe le Strange,Heart,
Crazy On You,Heart,1976
Dog & Butterfly,Heart,
Dreamboat Annie,Heart,1976
Even It Up,Heart,
Heartless,Heart,
How Can I Refuse,Heart,1983
If Looks Could Kill,Heart,
Kick It Out,Heart,
Little Queen,Heart,
Love Alive,Heart,
Magic Man,Heart,1976
Mistral Wind,Heart,
Never,Heart,
Nothin' at All,Heart,
Rock And Roll,Heart,
Stairway To Heaven,Heart,
Straight On,Heart,1978
Tell It Like It Is,Heart,
What About Love?,Heart,
Who Will You Run To,Heart,
House Of Living,Heartsfield,
Sangre Por Sangre,HellYeah,
Grey Ghost,Henry Paul Band,1979
Long Cool Woman,Hollies,1971
New Girl Now,Honeymoon Suite,
ALL YOU ZOMBIES,Hooters,1985
AND WE DANCED,Hooters,1985
I Want A New Drug,Huey Lewis & The News,1983
30 Days In the Hole,Humble Pie,1972
Lust for Life,Iggy Pop,1977
The Passenger,Iggy Pop,1977
Radioactive,Imagine Dragons,2012
Devil Inside,INXS,1988
Need You Tonight,INXS,1987
New Sensation,INXS,
What You Need,INXS,1985
In A Gadda Da Vida,Iron Butterfly,1968
Flight Of Icarus,Iron Maiden,1983
Run To The Hills,Iron Maiden,1982
The Number Of The Beast,Iron Maiden,1982
The Trooper,Iron Maiden,1983
Wasted Years,Iron Maiden,1986
Centerfold,J. Geils Band,1981
Freeze-frame,J. Geils Band,1981
Give It To Me,J. Geils Band,1973
Houseparty,J. Geils Band,
Looking For A Love,J. Geils Band,
Love Stinks,J. Geils Band,
Must of Got Lost,J. Geils Band,
Night Time,J. Geils Band,
Whammer Jammer,J. Geils Band,
Boulevard,Jackson Browne,
Doctor My Eyes,Jackson Browne,1972
Load Out/Stay,Jackson Browne,1977
Redneck Friend,Jackson Browne,1973
Running On Empty,Jackson Browne,1977
Somebody's Baby,Jackson Browne,1982
Take It Easy,Jackson Browne,
The Load-out/stay,Jackson Browne,1977
The Road and the Sky,Jackson Browne,1977
Funk #49,James Gang,1970
Walk Away,James Gang,
YOU'VE GOT A FRIEND,JAMES TAYLOR,1971
Been Caught Stealing,Jane's Addiction,1990
Jane Says,Jane's Addiction,1988
Get It While You Can,Janis Joplin,1971
Me and Bobby McGee,Janis Joplin,1971
Move Over,Janis Joplin,1971
Piece of My Heart,Janis Joplin,1968
Summertime,Janis Joplin,
Shakedown Cruise,Jay Ferguson,
Thunder Island,Jay Ferguson,1978
Freeway Jam,Jeff Beck,1975
Rice Pudding,Jeff Beck,
Somebody to Love,Jefferson Airplane,1967
White Rabbit,Jefferson Airplane,1967
Find Your Way Back,Jefferson Starship,
Jane,Jefferson Starship,1979
Ride the Tiger,Jefferson Starship,
We Built This City,Jefferson Starship,1985
Right Here Right Now,Jesus Jones,1991
Are You Gonna Be My Girl,Jet,2003
Cold Hard Bitch,Jet,2004
Aqualung,Jethro Tull,1971
Bungle In The Jungle,Jethro Tull,1974
Cross-eyed Mary,Jethro Tull,1971
Hymn 43,Jethro Tull,
Living In The Past,Jethro Tull,1969
Locomotive Breath,Jethro Tull,1971
Nothing Is Easy,Jethro Tull,
Teacher,Jethro Tull,1972
Thick As A Brick,Jethro Tull,
Too Old To Rock 'n' Roll,Jethro Tull,
TIME IN A BOTTLE,Jim Croce,1972
All Along the Watchtower,Jimi Hendrix,1968
Angel,Jimi Hendrix,1971
Are You Experienced?,Jimi Hendrix,1967
Crosstown Traffic,Jimi Hendrix,1968
Dolly Dagger,Jimi Hendrix,1970
Fire,Jimi Hendrix,1967
Foxey Lady,Jimi Hendrix,1967
Hey Joe,Jimi Hendrix,1966
If 6 Was 9,Jimi Hendrix,
Like a Rolling Stone,Jimi Hendrix,
Little Wing,Jimi Hendrix,1967
Manic Depression,Jimi Hendrix,1967
Purple Haze,Jimi Hendrix,1967
Red House,Jimi Hendrix,1967
Stone Free,Jimi Hendrix,1966
The Wind Cries Mary,Jimi Hendrix,1967
Third Stone From The Sun,Jimi Hendrix,1967
Voodoo Child (Slight Return),Jimi Hendrix,1968
Margaritaville,Jimmy Buffett,1977
Son of a Son of a Sailor,Jimmy Buffett,1978
Why Don't We Get Drunk,Jimmy Buffett,1973
Bad Reputation,Joan Jett,1981
Crimson And Clover,Joan Jett,
I Hate Myself For Loving You,Joan Jett,1988
I Love Rock 'n Roll,Joan Jett,1981
Cry Me a River,Joe Cocker,
Feelin' Alright,Joe Cocker,
The Letter,Joe Cocker,
With A Little Help From My Friends,Joe Cocker,1968
You Can Leave Your Hat On (Live),Joe Cocker,
Is She Really Going Out With Him?,Joe Jackson,1979
"Always With Me, Always With You",Joe Satriani,
Summer Song,Joe Satriani,
A Life Of Illusion,Joe Walsh,1981
All Night Long,Joe Walsh,1980
Analog Man,Joe Walsh,2012
Funk #49,Joe Walsh,2012
In the City,Joe Walsh,1979
Life's Been Good,Joe Walsh,
Ordinary Average Guy,Joe Walsh,1991
Rocky Mountain Way,Joe Walsh,1973
The Confessor,Joe Walsh,
Turn To Stone,Joe Walsh,
On the Dark Side,John Cafferty,1983
Centerfield,John Fogerty,1985
The Old Man Down The Road,John Fogerty,1985
#9 Dream,John Lennon,1974
Imagine,John Lennon,1971
Instant Karma,John Lennon,1970
Mind Games,John Lennon,
Watching the Wheels,John Lennon,1980
Woman,John Lennon,1980
Again Tonight,John Mellencamp,
Ain't Even Done With the Night,John Mellencamp,
Authority Song,John Mellencamp,1983
Check It Out,John Mellencamp,
Cherry Bomb,John Mellencamp,
Crumblin' Down,John Mellencamp,1983
Hurts So Good,John Mellencamp,1982
I Need A Lover,John Mellencamp,1978
Jack & Diane,John Mellencamp,1982
Lonely Ol' Night,John Mellencamp,1985
Paper in Fire,John Mellencamp,1987
Pink Houses,John Mellencamp,1984
R.O.C.K. In the U.S.A.,John Mellencamp,1985
Rain On The Scarecrow,John Mellencamp,1985
Small Town,John Mellencamp,1985
What If I Came Knocking,John Mellencamp,
Illegal Smile,John Prine,
I CAN SEE CLEARLY NOW,Johnny Nash,1972
Brickyard Road,Johnny Van Zant,1990
Shanty,Jonathan Edwards,
Roadrunner,Jonathan Richman,1977
Any Way You Want It,Journey,1980
City of the Angels,Journey,
Don't Stop Believin',Journey,1981
Escape,Journey,
Faithfully,Journey,1983
Feeling That Way,Journey,1978
Just the Same Way,Journey,
Lights,Journey,1978
Look Into The Future,Journey,
"Lovin', Touchin' Squeezin'",Journey,1979
Only the Young,Journey,1985
Open Arms,Journey,1982
Send Her My Love,Journey,1983
Separate Ways (Worlds Apart),Journey,1983
Stone In Love,Journey,
Wheel in the Sky,Journey,1978
Who's Crying Now,Journey,1981
Breaking The Law,Judas Priest,1980
Diamonds And Rust,Judas Priest,
Electric Eye,Judas Priest,1982
Heading Out To The Highway,Judas Priest,
Hot Rockin',Judas Priest,
Living After Midnight,Judas Priest,1980
The Ripper,Judas Priest,1976
Turbo Lover,Judas Priest,
You've Got Another Thing Comin',Judas Priest,
Simple Man,Junkyard,
Carry On Wayward Son,Kansas,1976
Dust In The Wind,Kansas,1977
Play the Game Tonight,Kansas,1982
Point of Know Return,Kansas,1977
I'm Alright,Kenny Loggins,1980
Just Dropped In,Kenny Loggins,
Blue On Black,Kenny Wayne Shepherd,
"Somehow, Somewhere, Someway",Kenny Wayne Shepherd,
All Summer Long,Kid Rock,2007
Cowboy,Kid Rock,1998
Let's Ride,Kid Rock,2012
If I Say,Kingofthehill,
Sex On Fire,Kings of Leon,2008
Use Somebody,Kings of Leon,2008
Beth,Kiss,1976
Calling Dr. Love,Kiss,1976
Christeen Sixteen,Kiss,
Cold Gin,Kiss,1973
Detroit Rock City,Kiss,1976
Heaven's On Fire,Kiss,
Lick It Up,Kiss,1983
Rock And Roll All Nite,Kiss,1975
Shout It out Loud,Kiss,
Strutter,Kiss,1974
Tears Are Falling,Kiss,
Long Stick Goes Boom,Krokus,
Screaming In The Night,Krokus,
Stayed Awake All Night,Krokus,
Sex Action,L.A. Guns,
Key To The Rhyme,Lake,
All My Love,Led Zeppelin,1979
Babe I'm Gonna Leave You,Led Zeppelin,1969
Black Dog,Led Zeppelin,1971
Black Mountain Side,Led Zeppelin,1969
Bonzo's Montreaux,Led Zeppelin,1982
Boogie With Stu,Led Zeppelin,1975
Bring It On Home,Led Zeppelin,1969
Bron-y-aur Stomp,Led Zeppelin,1970
Celebration Day,Led Zeppelin,1970
Communication Breakdown,Led Zeppelin,1969
Custard Pie,Led Zeppelin,1975
D'Yer Mak'er,Led Zeppelin,1973
Dancing Days,Led Zeppelin,1973
Darlene,Led Zeppelin,1982
Dazed and Confused,Led Zeppelin,1969
Down By The Seaside,Led Zeppelin,1975
Fool In the Rain,Led Zeppelin,1979
For Your Life,Led Zeppelin,1976
Four Sticks,Led Zeppelin,1971
Friends,Led Zeppelin,1970
Gallows Pole,Led Zeppelin,1970
Going to California,Led Zeppelin,1971
Good Times Bad Times,Led Zeppelin,1969
Hats Off To {roy} Harper,Led Zeppelin,1970
Heartbreaker/living Loving Maid {she's Just A Woman},Led Zeppelin,1969
Hey Hey What Can I Do,Led Zeppelin,1970
Hot Dog,Led Zeppelin,1979
Houses of the Holy,Led Zeppelin,1975
How Many More Times,Led Zeppelin,1969
I Can't Quit You Baby,Led Zeppelin,1969
Immigrant Song,Led Zeppelin,1970
In My Time of Dying,Led Zeppelin,1975
In the Evening,Led Zeppelin,1979
In the Light,Led Zeppelin,1975
Kashmir,Led Zeppelin,1975
Living Loving Maid (She's Just a Woman),Led Zeppelin,1969
Misty Mountain Hop,Led Zeppelin,1971
Moby Dick,Led Zeppelin,1969
NIGHT FLIGHT,Led Zeppelin,1975
No Quarter,Led Zeppelin,1973
Nobody's Fault But Mine,Led Zeppelin,
Out On The Tiles,Led Zeppelin,1970
Over the Hills and Far Away,Led Zeppelin,1973
Ramble On,Led Zeppelin,1969
Rock and Roll,Led Zeppelin,1971
Royal Orleans,Led Zeppelin,1976
Since I've Been Loving You,Led Zeppelin,1970
South Bound Saurez,Led Zeppelin,1979
Stairway to Heaven,Led Zeppelin,1971
TANGERINE,Led Zeppelin,1970
Ten Years Gone,Led Zeppelin,1975
Thank You,Led Zeppelin,1969
That's the Way,Led Zeppelin,1970
The Battle Of Evermore,Led Zeppelin,1971
The Crunge,Led Zeppelin,1973
The Lemon Song,Led Zeppelin,1969
The Ocean,Led Zeppelin,1973
The Rain Song,Led Zeppelin,1973
The Rover,Led Zeppelin,1975
The Song Remains the Same,Led Zeppelin,1973
THE WANTON SONG,Led Zeppelin,1975
Trampled Under Foot,Led Zeppelin,1975
Traveling Riverside Blues,Led Zeppelin,1982
What Is and What Should Never Be,Led Zeppelin,1969
When The Levee Breaks,Led Zeppelin,1971
Whole Lotta Love,Led Zeppelin,1969
You Shook Me,Led Zeppelin,1969
Your Time Is Gonna Come,Led Zeppelin,1969
Do You Know What I Mean,Lee Michaels,
Woman,Legs Diamond,
American Woman,Lenny Kravitz,1998
Are You Gonna Go My Way,Lenny Kravitz,1993
Fly Away,Lenny Kravitz,1998
Stranger In A Strange Land,Leon Russell,
My Own Worst Enemy,Lit,1999
Close My Eyes Forever,Lita Ford,1988
Kiss Me Deadly,Lita Ford,1988
All That You Dream,Little Feat,
Dixie Chicken,Little Feat,1973
I Alone,Live,
Lightning Crashes,Live,1994
Cult Of Personality,Living Colour,1988
Bound for the Floor,Local H,1996
Conquistador,London Symphony Orchestra,1967
Midnight Blue,Lou Gramm,
Sweet Jane (Live),Lou Reed,1970
Walk On The Wild Side,Lou Reed,1972
Lovin' Every Minute of It,Loverboy,
The Kid Is Hot Tonite,Loverboy,1980
Turn Me Loose,Loverboy,1980
Working for the Weekend,Loverboy,1981
Wicked Sensation,Lynch Mob,
Call Me the Breeze,Lynyrd Skynyrd,1974
Dixie/Sweet Home Alabama,Lynyrd Skynyrd,1974
Don't Ask Me No Questions,Lynyrd Skynyrd,1974
Free Bird,Lynyrd Skynyrd,1973
Gimme Back My Bullets,Lynyrd Skynyrd,1976
Gimme Three Steps,Lynyrd Skynyrd,1973
I Know a Little,Lynyrd Skynyrd,1977
Saturday Night Special,Lynyrd Skynyrd,1975
Simple Man,Lynyrd Skynyrd,1973
Sweet Home Alabama,Lynyrd Skynyrd,1974
That Smell,Lynyrd Skynyrd,1977
The Ballad Of Curtis Loew,Lynyrd Skynyrd,1974
Tuesday's Gone,Lynyrd Skynyrd,1973
What's Your Name,Lynyrd Skynyrd,1977
You Got That Right,Lynyrd Skynyrd,
Merry-Go-Round,Mama's Pride,
Blinded by the Light,Manfred Mann,1976
Do Wah Diddy Diddy,Manfred Mann,1964
Sex and Candy,Marcy Playground,
Paradise By The Dashboard Light,Meat Loaf,1977
TWO OUT OF THREE AIN'T BAD,Meat Loaf,1977
You Took The Words Right Out Of My Mouth,Meat Loaf,1977
I'm the Only One,Melissa Etheridge,1993
Down Under,Men At Work,1982
Who Can It Be Now?,Men At Work,1982
Breadfan,Metallica,1998
Enter Sandman,Metallica,1991
Fade To Black,Metallica,1984
For Whom The Bell Tolls,Metallica,1984
Fuel,Metallica,1997
Harvester Of Sorrow,Metallica,1988
Hero of the Day,Metallica,1996
Lords of Summer (First Pass Version),Metallica,
Master of Puppets,Metallica,1986
No Leaf Clover,Metallica,1999
Nothing Else Matters,Metallica,1991
One,Metallica,1988
Sad But True,Metallica,1991
Seek & Destroy,Metallica,1983
The Memory Remains,Metallica,1997
The Unforgiven,Metallica,1991
Turn The Page,Metallica,
Until It Sleeps,Metallica,1996
Wherever I May Roam,Metallica,1991
Whiskey In The Jar,Metallica,
Cruisin',Michael Nesmith,
Drinkin' in the Driveway,Michael Stanley,
He Can't Love You,Michael Stanley,
Let's Get the Show on the Road,Michael Stanley,
My Town,Michael Stanley,
Rosewood Bitters,Michael Stanley,
Strike up the Band,Michael Stanley,
Beds Are Burning,Midnight Oil,1988
Devil With the Blue Dress On,Mitch Ryder,1966
I Melt With You,Modern English,1982
Sugar Boogie,Molkie Cole,
Dreams I'll Never See,Molly Hatchet,
Flirtin' With Disaster,Molly Hatchet,
What Do All The People Know,Monroes,
Bad Motor Scooter,Montrose,1973
Rock Candy,Montrose,1973
Space Station #5,Montrose,1973
Don't Go Away Mad (Just Go Away),Motley Crue,1989
Dr. Feelgood,Motley Crue,1989
"Girls, Girls, Girls",Motley Crue,1987
Home Sweet Home,Motley Crue,1985
Kickstart My Heart,Motley Crue,1989
Looks That Kill,Motley Crue,
Piece of Your Action,Motley Crue,
Same Ol' Situation,Motley Crue,1989
Shout at the Devil,Motley Crue,1983
Smokin' in the Boys Room,Motley Crue,
Wild Side,Motley Crue,1987
All the Young Dudes,Mott the Hoople,1972
Mississippi Queen,Mountain,1970
Moon Rider,Moxy,
Addicted To That Rush,Mr. Big,
In the Summertime,Mungo Jerry,1970
Hair Of The Dog,Nazareth,1975
Love Hurts,Nazareth,1976
Cinnamon Girl,Neil Young,1969
Down by the River,Neil Young,1969
Everybody Knows This Is Nowhere,Neil Young,
Heart of Gold,Neil Young,1972
"Hey Hey, My My",Neil Young,1978
Like a Hurricane,Neil Young,1977
"My My, Hey Hey",Neil Young,1979
Old Man,Neil Young,1972
Powderfinger,Neil Young,1978
Rockin' In the Free World,Neil Young,1989
Southern Man,Neil Young,1970
Sugar Mountain,Neil Young,1969
The Needle and the Damage Done,Neil Young,1972
When You Dance I Can Really Love,Neil Young,
Show Me The Way,Nektar,
How You Remind Me,Nickelback,2001
Photograph,Nickelback,2005
Rockstar,Nickelback,2005
Someday (Single Mix),Nickelback,
(You Can Still) Rock in America,Night Ranger,1983
Don't Tell Me You Love Me,Night Ranger,1982
Rumors In The Air,Night Ranger,
Sister Christian,Night Ranger,1983
When You Close Your Eyes,Night Ranger,1983
About a Girl,Nirvana,1989
All Apologies,Nirvana,1993
Come As You Are,Nirvana,1991
Dumb,Nirvana,1993
In Bloom,Nirvana,1991
Lithium,Nirvana,1991
On a Plain,Nirvana,1991
Polly,Nirvana,1991
Smells Like Teen Spirit,Nirvana,1991
The Man Who Sold the World,Nirvana,
Spirit In The Sky,Norman Greenbaum,1969
This Is The Time,Nothing More,
Wonderwall,Oasis,1995
STILL THE ONE,Orleans,1976
(Sittin' On) The Dock of the Bay,Otis Redding,1968
If You Wanna Get to Heaven,Ozark Mountain Daredevils,1973
Jackie Blue,Ozark Mountain Daredevils,1975
Bark At The Moon,Ozzy Osbourne,1983
Changes,Ozzy Osbourne,
Crazy Train,Ozzy Osbourne,1980
Diary Of A Madman,Ozzy Osbourne,1981
Flying High Again,Ozzy Osbourne,1981
Goodbye To Romance,Ozzy Osbourne,1980
I Don't Know,Ozzy Osbourne,1980
"Mama, I'm Coming Home",Ozzy Osbourne,1991
Mr. Crowley,Ozzy Osbourne,1980
Mr. Tinkertrain,Ozzy Osbourne,1992
No More Tears,Ozzy Osbourne,1991
Over the Mountain,Ozzy Osbourne,1981
Perry Mason,Ozzy Osbourne,1995
Purple Haze,Ozzy Osbourne,
Road To Nowhere,Ozzy Osbourne,1991
Rocky Mountain Way,Ozzy Osbourne,
See You on the Other Side,Ozzy Osbourne,
Shot in the Dark,Ozzy Osbourne,1986
Time After Time,Ozzy Osbourne,
Fire and Ice,Pat Benatar,
Heartbreaker,Pat Benatar,1979
Hell Is for Children,Pat Benatar,1980
Hit Me With Your Best Shot,Pat Benatar,1980
Invincible,Pat Benatar,1985
Love Is A Battlefield,Pat Benatar,1983
Shadows Of The Night,Pat Benatar,1982
Treat Me Right,Pat Benatar,
We Belong,Pat Benatar,1984
You Better Run,Pat Benatar,1980
Boom Boom/,Pat Travers,
Snortin Whiskey,Pat Travers,
The Back Seat Of My Car,Paul McCartney & Linda McCartney,1971
Too Many People,Paul McCartney & Linda McCartney,1971
Uncle Albert/Admiral Halsey,Paul McCartney & Linda McCartney,1971
Another Day,Paul McCartney & Wings,
Band on the Run,Paul McCartney & Wings,1973
Birthday (Live),Paul McCartney & Wings,
Coming Up,Paul McCartney & Wings,1980
Day Tripper,Paul McCartney & Wings,
Helen Wheels,Paul McCartney & Wings,1973
Hello Goodbye,Paul McCartney & Wings,
Helter Skelter,Paul McCartney & Wings,
Hey Jude (Live),Paul McCartney & Wings,
Hi Hi Hi,Paul McCartney & Wings,
Jet,Paul McCartney & Wings,1973
Junior's Farm,Paul McCartney & Wings,1974
Let 'Em In,Paul McCartney & Wings,
Let Me Roll It,Paul McCartney & Wings,1973
Listen To What The Man Says,Paul McCartney & Wings,
Live and Let Die,Paul McCartney & Wings,1973
Maybe I'm Amazed,Paul McCartney & Wings,1970
My Love,Paul McCartney & Wings,1973
Nineteen Hundred and Eighty Five,Paul McCartney & Wings,
Silly Love Songs,Paul McCartney & Wings,1976
Uncle Albert/Admiral Halsey,Paul McCartney & Wings,1971
Venus and Mars/Rock Show,Paul McCartney & Wings,1975
With a Little Luck,Paul McCartney & Wings,
50 Ways to Leave Your Lover,Paul Simon,1975
Kodachrome,Paul Simon,1973
Loves Me Like a Rock,Paul Simon,1973
Me And Julio Down By The Schoolyard,Paul Simon,1972
You Can Call Me Al,Paul Simon,1986
Alive,Pearl Jam,1991
Better Man,Pearl Jam,1994
Black,Pearl Jam,1991
Daughter,Pearl Jam,1993
Dissident,Pearl Jam,1994
Elderly Woman Behind the Counter in a Small Town,Pearl Jam,1993
Even Flow,Pearl Jam,1991
Jeremy,Pearl Jam,1991
Last Kiss,Pearl Jam,1999
Lightning Bolt,Pearl Jam,2013
Not for You,Pearl Jam,1994
Sirens,Pearl Jam,2013
Yellow Ledbetter,Pearl Jam,1992
GONNA GET YA,Pete Townshend,
Let My Love Open the Door,Pete Townshend,1980
Rough Boys,Pete Townshend,1980
"Baby, I Love Your Way",Peter Frampton,1975
Do You Feel Like We Do,Peter Frampton,1973
Show Me the Way,Peter Frampton,1975
Something's Happening/,Peter Frampton,
Big Time,Peter Gabriel,1986
Games Without Frontiers,Peter Gabriel,1980
In Your Eyes,Peter Gabriel,1986
Red Rain,Peter Gabriel,1986
SHOCK THE MONKEY,Peter Gabriel,1982
Sledgehammer,Peter Gabriel,1986
Solsbury Hill,Peter Gabriel,1977
Don't Lose My Number,Phil Collins,
I Don't Care Anymore,Phil Collins,
In the Air Tonight,Phil Collins,1981
Another Brick In The Wall,Pink Floyd,1979
"Another Brick in the Wall, Pt. 2",Pink Floyd,1979
Any Colour You Like,Pink Floyd,1973
Arnold Layne,Pink Floyd,1967
Astronomy Domine,Pink Floyd,1967
Brain Damage,Pink Floyd,1973
Brain Damage /Eclipse,Pink Floyd,1973
Breathe,Pink Floyd,1973
"Careful With That Axe, Eugene",Pink Floyd,1969
Comfortably Numb,Pink Floyd,1979
Dogs,Pink Floyd,1977
Empty Spaces,Pink Floyd,1979
Empty Spaces/young Lust,Pink Floyd,1979
Fearless,Pink Floyd,1971
Goodbye Blue Sky,Pink Floyd,1979
Have a Cigar,Pink Floyd,1975
Hey You,Pink Floyd,1979
Keep Talking,Pink Floyd,1994
Learning to Fly,Pink Floyd,1987
Money,Pink Floyd,1973
Mother,Pink Floyd,1979
On The Turning Away,Pink Floyd,1987
One Of These Days,Pink Floyd,1971
One Slip,Pink Floyd,1987
Run Like Hell,Pink Floyd,1979
See Emily Play,Pink Floyd,1967
Set The Controls For The Heart Of The Sun,Pink Floyd,1968
Shine On You Crazy Diamond,Pink Floyd,1975
Speak to Me/Breathe,Pink Floyd,1973
Take It Back,Pink Floyd,1994
The Dogs Of War,Pink Floyd,1987
The Great Gig In the Sky,Pink Floyd,1973
The Happiest Days Of Our Lives/another Brick In The Wall,Pink Floyd,1979
Time,Pink Floyd,1973
Time/Gig in The Sky,Pink Floyd,1973
Us and Them,Pink Floyd,1973
Welcome To The Machine,Pink Floyd,1975
Wish You Were Here,Pink Floyd,1975
Young Lust,Pink Floyd,1979
Every Rose Has Its Thorn,Poison,1988
Look What The Cat Dragged In,Poison,
Nothin' But A Good Time,Poison,1988
Something To Believe In,Poison,1990
Talk Dirty To Me,Poison,1987
A Salty Dog,Procol Harum,1969
A Whiter Shade of Pale,Procol Harum,1967
Blurry,Puddle of Mudd,2001
Amie,Pure Prairie League,
Another One Bites the Dust,Queen,1980
Bicycle Race,Queen,1978
Bicycle Race/fat Bottomed Girls,Queen,1978
Bohemian Rhapsody,Queen,1975
Crazy Little Thing Called Love,Queen,1979
Don't Stop Me Now,Queen,1977
Fat Bottomed Girls,Queen,1978
It's Late,Queen,
Keep Yourself Alive,Queen,1973
Killer Queen,Queen,1974
One Vision,Queen,1985
Somebody To Love,Queen,1976
THESE ARE THE DAYS OF OUR LI,Queen,1991
Tie Your Mother Down,Queen,1976
Under Pressure,Queen,1981
We Are the Champions,Queen,1977
We Will Rock You,Queen,1977
We Will Rock You/We Are The Champions,Queen,1977
You're My Best Friend,Queen,1976
Under Pressure,Queen / David Bowie,1981
No One Knows,Queens of the Stone Age,2002
Another Rainy Night,Queensryche,1990
Eyes Of A Stranger,Queensryche,
I Don't Believe In Love,Queensryche,
Jet City Woman,Queensryche,1990
Silent Lucidity,Queensryche,1990
Fresh Air,Quicksilver Messenger Service,
Pride of Man,Quicksilver Messenger Service,
Bang Your Head,Quiet Riot,
Cum On Feel the Noize,Quiet Riot,
Metal Health,Quiet Riot,1983
It's the End of the World As We Know It (And I Feel Fine),R.E.M.,1987
Losing My Religion,R.E.M.,1991
Man On the Moon,R.E.M.,1992
Orange Crush,R.E.M.,1988
Stand,R.E.M.,1988
The One I Love,R.E.M.,1987
Man On The Silver Mountain,Rainbow,1975
Since You Been Gone,Rainbow,1979
Stone Cold,Rainbow,1982
Street Of Dreams,Rainbow,
Black Betty,Ram Jam,1977
Back for More,Ratt,
Round and Round,Ratt,1984
Way Cool Jr.,Ratt,
Breaking the Girl,Red Hot Chili Peppers,1992
By the Way,Red Hot Chili Peppers,2002
Californication,Red Hot Chili Peppers,1999
Dani California,Red Hot Chili Peppers,2006
Give It Away,Red Hot Chili Peppers,1991
Scar Tissue,Red Hot Chili Peppers,1999
Soul to Squeeze,Red Hot Chili Peppers,1993
Under the Bridge,Red Hot Chili Peppers,1991
Lunatic Fringe,Red Rider,1981
Back On The Road Again,REO Speedwagon,
Don't Let Him Go,REO Speedwagon,
Golden Country,REO Speedwagon,
I Can't Fight This Feeling,REO Speedwagon,1984
Keep On Loving You,REO Speedwagon,1980
Keep Pushin'  1977,REO Speedwagon,
Like You Do,REO Speedwagon,
Ridin' the Storm Out,REO Speedwagon,
Roll With the Changes,REO Speedwagon,
Take It on the Run,REO Speedwagon,1981
Time For Me To Fly,REO Speedwagon,
"Rock And Roll, Hoochie Koo",Rick Derringer,1974
Jessie's Girl,Rick Springfield,1981
Back Off Boogaloo,Ringo Starr,1972
Early 1970 [*],Ringo Starr,1971
It Don't Come Easy,Ringo Starr,1971
No No Song,Ringo Starr,1974
Photograph,Ringo Starr,1973
Your're Sixteen,Ringo Starr,1974
Addicted to Love,Robert Palmer,1985
Bad Case Of Lovin' You,Robert Palmer,1979
Simply Irresistible,Robert Palmer,1988
Big Log,Robert Plant,1983
In The Mood,Robert Plant,1983
Little By Little,Robert Plant,
No Easy Way Out,Robert Tepper,
Bridge of Sighs,Robin Trower,1974
Little Bit of Sympathy,Robin Trower,
Too Rolling Stoned,Robin Trower,
"Oh, Well",Rockets,
Tired Of Toein' The Line,Rocky Burnette,
Every Picture Tells A Story,Rod Stewart,1971
Hot Legs,Rod Stewart,
I Know I'm Losing You,Rod Stewart,
Maggie May,Rod Stewart,1971
Reason to Believe,Rod Stewart,1971
Stay with Me,Rod Stewart,
The First Cut Is The Deepest,Rod Stewart,1976
Tonight's the Night (Gonna Be Alright),Rod Stewart,1976
You Wear It Well,Rod Stewart,1972
You're In My Heart (The Final Acclaim),Rod Stewart,1977
Free Me,Roger Daltry,
Had a Dream (Sleeping With the Enemy),Roger Hodgson,
The Logical Song,Roger Hodgson,1979
(I Can't Get No) Satisfaction,Rolling Stones,1965
19th Nervous Breakdown,Rolling Stones,1966
Ain't Too Proud to Beg,Rolling Stones,1974
Almost Hear You Sigh,Rolling Stones,1989
Angie,Rolling Stones,1973
Beast Of Burden,Rolling Stones,1978
Bitch,Rolling Stones,1971
Brown Sugar,Rolling Stones,1971
Can't You Hear Me Knocking,Rolling Stones,1971
CAROL,Rolling Stones,
Da Da Doo Ron Ron,Rolling Stones,
Dance Little Sister,Rolling Stones,1980
Doo Doo Doo Doo Doo (Heartbreaker),Rolling Stones,1973
Doom And Gloom,Rolling Stones,2012
Emotional Rescue,Rolling Stones,1980
Fortune Teller,Rolling Stones,
Get Off My Cloud,Rolling Stones,1965
Get Off Of My Cloud,Rolling Stones,1965
Gimme Shelter,Rolling Stones,1969
Hand of Fate,Rolling Stones,1976
Hang Fire,Rolling Stones,1981
Happy,Rolling Stones,1972
Heartbreaker,Rolling Stones,1973
Honky Tonk Women,Rolling Stones,1969
IT'S ALL OVER NOW,Rolling Stones,1964
It's Only Rock 'n Roll,Rolling Stones,1974
Jumpin' Jack Flash,Rolling Stones,1968
Just My Imagination,Rolling Stones,
Let It Bleed,Rolling Stones,1969
Let's Spend the Night Together,Rolling Stones,1967
Like A Rolling Stone,Rolling Stones,
Little Queenie,Rolling Stones,
Midnight Rambler,Rolling Stones,1969
Miss You,Rolling Stones,1978
Monkey Man,Rolling Stones,1969
Mother's Little Helper,Rolling Stones,1966
Paint It Black,Rolling Stones,1966
Shattered,Rolling Stones,1978
She's a Rainbow,Rolling Stones,1967
She's So Cold,Rolling Stones,
Start Me Up,Rolling Stones,1981
Street Fighting Man,Rolling Stones,1968
Sympathy For The Devil,Rolling Stones,1968
THE LAST TIME,Rolling Stones,1965
THE SPIDER AND THE FLY,Rolling Stones,1965
TIME IS ON MY SIDE,Rolling Stones,
Time Waits for No One,Rolling Stones,1975
Tumbling Dice,Rolling Stones,1972
Under My Thumb,Rolling Stones,1966
UNDERCOVER OF THE NIGHT,Rolling Stones,1983
Waiting on a Friend,Rolling Stones,1981
Wild Horses,Rolling Stones,1971
You Can't Always Get What You Want,Rolling Stones,1969
YOU GOT THE SILVER,Rolling Stones,1969
YOU GOTTA MOVE,Rolling Stones,1971
Bullfrog Blues,Rory Gallagher,
Cry Sister,Royal Bliss,
2112: Overture / The Temples of Syrinx (Chronicles Version),Rush,1976
Closer to the Heart,Rush,1977
Entre Nous,Rush,1980
Finding My Way,Rush,
Fly By Night,Rush,1975
Freewill,Rush,1980
In The Mood,Rush,1974
Limelight,Rush,1981
New World Man,Rush,1982
Red Barchetta,Rush,1981
Show Don't Tell,Rush,1989
Subdivisions,Rush,1982
Summertime Blues,Rush,
Test For Echo,Rush,1996
The Spirit of Radio,Rush,1980
The Trees,Rush,1978
Time Stand Still (live),Rush,1987
Tom Sawyer,Rush,1981
Working Man,Rush,1975
YYZ,Rush,1981
Voices,Russ Ballard,1975
On The Loose,Saga,
SOUL MAN,Sam & Dave,1967
Can't Get Loose,Sammy Hagar,
Heavy Metal,Sammy Hagar,1982
I Can't Drive 55,Sammy Hagar,1984
I'll Fall In Love Again,Sammy Hagar,
Plain Jane,Sammy Hagar,
Red,Sammy Hagar,1978
There's Only One Way to Rock,Sammy Hagar,1981
Three Lock Box,Sammy Hagar,
Trans Am (Highway Wonderland),Sammy Hagar,1979
Turn Up The Music  1977,Sammy Hagar,
Black Magic Woman,Santana,1970
Europa,Santana,1977
Evil Ways,Santana,1969
Jingo,Santana,1969
No One to Depend On,Santana,1971
Oye Como Va,Santana,1970
Put Your Lights On (feat. Everlast),Santana,1999
Smooth,Santana,1999
Soul Sacrifice,Santana,1969
Well All Right,Santana,
Winning,Santana,
The Warrior,Scandal,1984
3 Strange Days,School Of Fish,
Big City Nights,Scorpions,1984
Blackout,Scorpions,1982
Don't Believe Her,Scorpions,
Holiday,Scorpions,
Loving You Sunday Morning,Scorpions,
No One Like You,Scorpions,1982
Rock You Like a Hurricane,Scorpions,1984
Still Loving You,Scorpions,1984
The Zoo,Scorpions,1980
Wind Of Change,Scorpions,1990
Remedy,Seether,2005
Words As Weapons,Seether,
God Save The Queen,Sex Pistols,1977
No Turning Back,Sherbs,
45,Shinedown,2003
America,Simon & Garfunkel,1968
Cecilia,Simon & Garfunkel,1970
Mrs. Robinson,Simon & Garfunkel,1968
The Sounds Of Silence,Simon & Garfunkel,1966
Don't You,Simple Minds,1985
18 And Life,Skid Row,1989
I Remember You,Skid Row,1989
Youth Gone Wild,Skid Row,1989
Fly To The Angels,Slaughter,1990
All Star,Smash Mouth,1999
1979,Smashing Pumpkins,1995
Bullet With Butterfly Wings,Smashing Pumpkins,1995
Landslide,Smashing Pumpkins,
Today,Smashing Pumpkins,1993
Driver's Seat,Sniff 'n' the Tears,1978
Tainted Love,Soft Cell,1981
Black Hole Sun,Soundgarden,1994
Burden in My Hand,Soundgarden,1996
Fell On Black Days,Soundgarden,1994
Spoonman,Soundgarden,1994
Havin' A Party,Southside Johnny,
The Fever,Southside Johnny,
GIMME SOME LOVIN',Spencer Davis Group,1966
Two Princes,Spin Doctors,1991
Black Coffee In Bed,Squeeze,1982
Pulling Mussels,Squeeze,1980
Tempted,Squeeze,1981
It's Been Awhile,Staind,2001
My Demons,Starset,
Stuck In the Middle With You,Stealers Wheel,1972
Black Cow,Steely Dan,1977
Deacon Blues,Steely Dan,1977
Dirty Work,Steely Dan,1977
Do It Again,Steely Dan,1972
Fm {no Static At All},Steely Dan,1978
Hey Nineteen,Steely Dan,1980
Peg,Steely Dan,1977
Reelin' in the Years,Steely Dan,1972
Rikki Don't Lose That Number,Steely Dan,1974
Love the One You're With,Stephen Stills,1971
Treetop Flyer,Stephen Stills,
Born to Be Wild,Steppenwolf,1968
Magic Carpet Ride,Steppenwolf,1968
Copperhead Road,Steve Earle,1988
Abracadabra,Steve Miller Band,1982
Fly Like an Eagle,Steve Miller Band,1976
Jet Airliner,Steve Miller Band,1977
Jungle Love,Steve Miller Band,1977
Living in the U.S.A.,Steve Miller Band,
Mercury Blues,Steve Miller Band,
Rock 'N Me,Steve Miller Band,1976
Space Cowboy,Steve Miller Band,
Swingtown,Steve Miller Band,
Take the Money and Run,Steve Miller Band,1976
The Joker,Steve Miller Band,1973
The Stake,Steve Miller Band,
Threshold/Jet Airliner,Steve Miller Band,
True Fine Love,Steve Miller Band,
Your Cash Ain't Nothin But Trash,Steve Miller Band,
Oh Sherrie,Steve Perry,1984
Back In the High Life Again,Steve Winwood,1986
Higher Love,Steve Winwood,1986
Roll With It,Steve Winwood,1988
While You See a Chance,Steve Winwood,1980
Love The One You'Re With,Steven Stills,1971
Edge of Seventeen,Stevie Nicks,1981
Leather and Lace,Stevie Nicks,1981
Stand Back,Stevie Nicks,1983
Stop Draggin' My Heart Around,Stevie Nicks,1981
Stop Draggin' My Heart Around,Stevie Nicks w/ Tom Petty and the Heartbreakers,1981
Cold Shot,Stevie Ray Vaughan,
Couldn't Stand the Weather,Stevie Ray Vaughan,
Crossfire,Stevie Ray Vaughan,1989
Life by the Drop,Stevie Ray Vaughan,
Little Wing,Stevie Ray Vaughan,
Look At Little Sister,Stevie Ray Vaughan,
Pride And Joy,Stevie Ray Vaughan,1983
Scuttle Buttin',Stevie Ray Vaughan,1984
Superstition [Live],Stevie Ray Vaughan,
Taxman,Stevie Ray Vaughan,
Texas Flood,Stevie Ray Vaughan,1983
The House Is Rockin',Stevie Ray Vaughan,1989
The Sky Is Crying,Stevie Ray Vaughan,
Tightrope,Stevie Ray Vaughan,
Voodoo Chile {slight Return},Stevie Ray Vaughan,
Superstition,Stevie Wonder,1973
Fortress Around Your Heart,Sting,1985
If You Love Somebody Set Them Free,Sting,
Big Empty,Stone Temple Pilots,1994
Creep,Stone Temple Pilots,1993
Interstate Love Song,Stone Temple Pilots,1994
Lady Picture Show,Stone Temple Pilots,
Plush,Stone Temple Pilots,1992
Sex Type Thing,Stone Temple Pilots,
Trippin' on a Hole in a Paper Heart,Stone Temple Pilots,
Vasoline,Stone Temple Pilots,1994
Rock This Town,Stray Cats,
Stray Cat Strut,Stray Cats,
To Hell With the Devil,Stryper,1986
The Isle Of Debris,Stu Nunnery,
Blue Collar Man,Styx,1978
Come Sail Away,Styx,1977
Crystal Ball,Styx,
Fooling Yourself,Styx,1977
Lady,Styx,1973
Light Up,Styx,1975
Lorelei,Styx,1975
Renegade,Styx,1978
Suite Madame Blue,Styx,1975
The Grand Illusion,Styx,1977
Too Much Time On My Hands,Styx,1981
What I Got,Sublime,1996
Wrong Way,Sublime,1996
Fly,Sugar Ray,
Green Eyed Lady,Sugarloaf,1970
Bloody Well Right,Supertramp,1974
Breakfast in America,Supertramp,1979
Dreamer,Supertramp,1974
Give a Little Bit,Supertramp,1977
Goodbye Stranger,Supertramp,1979
Take the Long Way Home,Supertramp,1979
The Logical Song,Supertramp,1979
Eye of the Tiger,Survivor,1982
I Can't Hold Back,Survivor,
Ballroom Blitz,Sweet,1973
Fox On The Run,Sweet,
Love Is Like Oxygen,Sweet,1978
Bang a Gong (Get It On),T. Rex,1971
Jeepster,T. Rex,1971
And She Was,Talking Heads,1985
Burning Down the House,Talking Heads,1983
Life During Wartime,Talking Heads,1979
Once In A Lifetime,Talking Heads,1980
Psycho Killer,Talking Heads,1977
Road To Nowhere,Talking Heads,
Stay Up Late,Talking Heads,
Take Me To The River,Talking Heads,
Wild Wild Life,Talking Heads,1986
I'm Leaving,Taxxi,
Everybody Wants to Rule the World,Tears for Fears,1985
Head Over Heels,Tears for Fears,1985
Shout,Tears for Fears,1984
Cat Scratch Fever,Ted Nugent,1977
Dog Eat Dog,Ted Nugent,
Free for All,Ted Nugent,1977
Great White Buffalo,Ted Nugent,
Stranglehold,Ted Nugent,1975
Wango Tango,Ted Nugent,
Hunger Strike,Temple of the Dog,1990
I'd Love To Change The World,Ten Years After,1971
I'm Goin' Home,Ten Years After,
Little Suzi,Tesla,
Love Song,Tesla,1989
Modern Day Cowboy,Tesla,
Signs,Tesla,
Breakdown,The Alan Parsons Project,1977
Eye In the Sky,The Alan Parsons Project,1982
Games People Play,The Alan Parsons Project,1981
I Wouldn't Want to Be Like You,The Alan Parsons Project,
Rain In the Summertime,The Alarm (IRS),
Journey to the Center of the Mind,The Amboy Dukes,1968
Don't Bring Me Down,The Animals,1966
House Of The Rising Sun,The Animals,1964
Monterey,The Animals,1968
San Franciscan Nights,The Animals,1967
Spill the Wine,The Animals,
Love Shack,The B-52's,1989
Roam,The B-52's,
Back On My Feet Again,The Babys,
Isn't It Time,The Babys,1977
Chest Fever,The Band,1968
The Night They Drove Old Dixie Down,The Band,1969
The Weight,The Band,1968
Up On Cripple Creek,The Band,1969
Good Vibrations,The Beach Boys,1966
A Day In The Life,The Beatles,1967
A Hard Day's Night,The Beatles,1964
A Saturday Club Xmas/Crimble Medley,The Beatles,
Across The Universe,The Beatles,1970
All My Loving,The Beatles,1963
All You Need Is Love,The Beatles,1967
And Your Bird Can Sing,The Beatles,1966
ANYTIME AT ALL,The Beatles,1964
Baby You're A Rich Man,The Beatles,1967
Back In the U.S.S.R.,The Beatles,1968
BAD BOY,The Beatles,1965
BALLAD OF JOHN AND YOKO,The Beatles,
Birthday,The Beatles,1969
Blackbird,The Beatles,1968
Can't Buy Me Love,The Beatles,1964
Come Together,The Beatles,1969
Cry For A Shadow,The Beatles,1961
Day Tripper,The Beatles,1965
Dear Prudence,The Beatles,1968
Don't Let Me Down,The Beatles,1969
Drive My Car,The Beatles,1965
Eight Days A Week,The Beatles,1964
Eleanor Rigby,The Beatles,1966
Everybody's Got Something To Hide Except Me And My Monk,The Beatles,1968
Fixing A Hole,The Beatles,1967
From Me To You,The Beatles,1963
Get Back,The Beatles,1969
Getting Better,The Beatles,1967
GIRL,The Beatles,1965
Golden Slumbers,The Beatles,1969
Good Day Sunshine,The Beatles,1966
Got To Get You Into My Life,The Beatles,1966
Hello Goodbye,The Beatles,1967
Help!,The Beatles,1965
Helter Skelter,The Beatles,1968
Here Comes The Sun,The Beatles,1969
Hey Jude,The Beatles,1968
I Am the Walrus,The Beatles,1967
I Feel Fine,The Beatles,1964
I Saw Her Standing There,The Beatles,1963
I Want To Hold Your Hand,The Beatles,1963
I Want You (She's So Heavy),The Beatles,1969
I'll Follow The Sun,The Beatles,1964
I'm A Loser,The Beatles,1964
I'm Down,The Beatles,1965
I've Got A Feeling,The Beatles,1970
I've Just Seen A Face,The Beatles,1965
IN MY LIFE,The Beatles,1965
IT WON'T BE LONG,The Beatles,1963
Lady Madonna,The Beatles,1968
Let It Be,The Beatles,1970
LITTLE CHILD,The Beatles,1963
Love Me Do,The Beatles,1962
Lovely Rita,The Beatles,1967
Lucy In The Sky With Diamonds,The Beatles,1967
Magical Mystery Tour,The Beatles,1967
Maxwell's Silver Hammer,The Beatles,1969
Norwegian Wood,The Beatles,1965
NOWHERE MAN,The Beatles,1965
"Ob-la-di, Ob-la-da",The Beatles,1968
OH DARLING,The Beatles,1969
P.s. I Love You,The Beatles,1962
Paperback Writer,The Beatles,1966
Penny Lane,The Beatles,1967
Please Please Me,The Beatles,1963
Reprise / Day in the Life,The Beatles,1967
Revolution,The Beatles,1968
ROCK AND ROLL MUSIC,The Beatles,
Rocky Raccoon,The Beatles,1968
Roll Over Beethoven,The Beatles,
Sgt. Pepper Inner Groove,The Beatles,1967
Sgt. Pepper's Lonely Hearts Club Band,The Beatles,1967
Sgt. Pepper's Lonely Hearts Club Band (Reprise),The Beatles,1967
Sgt. Pepper/a Day In The Life,The Beatles,1967
Sgt. Pepper/with A Little Help From My Friends,The Beatles,1967
She Loves You,The Beatles,1963
SHE'S A WOMAN,The Beatles,1964
She's Leaving Home,The Beatles,1967
Something,The Beatles,1969
Strawberry Fields Forever,The Beatles,1967
Sun King,The Beatles,1969
The Ballad Of John And Yoko,The Beatles,1969
THE CONTINUING STORY OF BUNG,The Beatles,1968
The Fool On The Hill,The Beatles,1967
The Long And Winding Road,The Beatles,1970
The Word,The Beatles,1965
Things We Said Today,The Beatles,1964
Ticket to Ride,The Beatles,1965
Twist and Shout,The Beatles,1963
Two Of Us,The Beatles,1970
We Can Work It Out,The Beatles,1965
When I'm 64,The Beatles,1967
While My Guitar Gently Weeps,The Beatles,1968
Wild Honey Pie,The Beatles,1968
With a Little Help From My Friends,The Beatles,1967
Yellow Submarine,The Beatles,1966
Yesterday,The Beatles,1965
You Never Give Me Your Money,The Beatles,1969
You're Going To Lose That Girl,The Beatles,1965
YOUR MOTHER SHOULD KNOW,The Beatles,1967
A Conspiracy,The Black Crowes,
Gone,The Black Crowes,
Good Friday,The Black Crowes,
Goodbye Daughters of the Revolution,The Black Crowes,2008
Hard To Handle,The Black Crowes,1990
Hotel Illness,The Black Crowes,
Jealous Again,The Black Crowes,
Kickin' My Heart Around,The Black Crowes,
Remedy,The Black Crowes,1992
She Talks To Angels,The Black Crowes,1990
Thorn In My Pride,The Black Crowes,
Twice As Hard,The Black Crowes,1990
Gold On The Ceiling,The Black Keys,2011
Lonely Boy,The Black Keys,2011
Soul Man,The Blues Brothers,
Eight Miles High,The Byrds,1966
Bye Bye Love,The Cars,1978
Candy-o,The Cars,
Dangerious Type,The Cars,
Drive,The Cars,1984
Good Times Roll,The Cars,
Hello Again,The Cars,1984
It's All I Can Do,The Cars,
Just What I Needed,The Cars,1978
Let's Go,The Cars,1979
Magic,The Cars,1984
Moving In Stereo,The Cars,1978
My Best Friend's Girl,The Cars,
Shake It Up,The Cars,1981
Since You're Gone,The Cars,
Stereo/All Mixed Up,The Cars,
Tonight She Comes,The Cars,
You Might Think,The Cars,1984
You're All I've Got Tonight,The Cars,
Clampdown,The Clash,1979
I Fought The Law,The Clash,
London Calling,The Clash,1979
Rock The Casbah,The Clash,1982
Should I Stay Or Should,The Clash,1982
Train In Vain,The Clash,1979
Fire Woman,The Cult,1989
"Another Park, Another Sunday",The Doobie Brothers,1974
Black Water,The Doobie Brothers,1974
China Grove,The Doobie Brothers,1973
It Keeps You Runnin',The Doobie Brothers,
Jesus Is Just Alright,The Doobie Brothers,1972
Listen To The Music,The Doobie Brothers,1972
Livin' On the Fault Line,The Doobie Brothers,
Long Train Runnin',The Doobie Brothers,1973
Natural Thing,The Doobie Brothers,
Rockin' Down The Highway,The Doobie Brothers,1972
South City Midnight Lady,The Doobie Brothers,
Take Me In Your Arms,The Doobie Brothers,1975
Takin' It To The Streets,The Doobie Brothers,1976
UKIAH/THE CAPTAIN AND ME,The Doobie Brothers,
What a Fool Believes,The Doobie Brothers,1978
Wheels Of Fortune,The Doobie Brothers,
Back Door Man,The Doors,1967
Break On Through,The Doors,1967
Five To One,The Doors,1968
Gloria,The Doors,
"Hello, I Love You",The Doors,1968
L.A. Woman,The Doors,1971
Light My Fire,The Doors,1967
Love Her Madly,The Doors,1971
Love Me Two Times,The Doors,1967
Moonlight Drive,The Doors,1967
Peace Frog,The Doors,1970
People Are Strange,The Doors,1967
Riders On The Storm,The Doors,1971
Roadhouse Blues,The Doors,1967
Soul Kitchen,The Doors,
The Changeling,The Doors,1971
The Crystal Ship,The Doors,1967
Touch Me,The Doors,1969
Twentieth Century Fox,The Doors,1967
Waiting For The Sun,The Doors,1970
When the Music's Over,The Doors,1967
Tuff Enuff,The Fabulous Thunderbirds,
Radioactive,The Firm,1985
One Thing Leads To Another,The Fixx,1983
Saved By Zero,The Fixx,1983
Iris,The Goo Goo Dolls,1998
Funk #49,The James Gang,1970
This Beat Goes on/Switching to Glide,The Kings,
A Well Respected Man,The Kinks,
All Day And All Of The Night,The Kinks,1964
Apeman,The Kinks,1971
Come Dancing,The Kinks,1983
Destroyer,The Kinks,1981
Lola,The Kinks,1970
Sunny Afternoon,The Kinks,1966
Superman,The Kinks,
Tired of Waiting,The Kinks,1965
Victoria,The Kinks,
Waterloo Sunset,The Kinks,1967
You Really Got Me,The Kinks,1964
My Sharona,The Knack,1979
Mrs. Robinson,The Lemonheads,
Summer In the City,The Lovin' Spoonful,1966
CALIFORNIA DREAMIN',The Mamas ,1966
Can't You See,The Marshall Tucker Band,1973
HEARD IT IN A LOVE SONG,The Marshall Tucker Band,1977
Take The Highway,The Marshall Tucker Band,
Gypsy,The Moody Blues,
Question,The Moody Blues,1970
Ride My See Saw,The Moody Blues,1968
The Story In Your Eyes,The Moody Blues,1971
Your Wildest Dreams,The Moody Blues,1986
Life in the Fast Lane,The New Eagles,1976
Come Out and Play,The Offspring,1994
Self Esteem,The Offspring,1994
The Kids Aren't Alright,The Offspring,1998
Your Love,The Outfield,1985
Green Grass & High Tides,The Outlaws,1975
Can't Stand Losing You,The Police,1978
"De Do Do Do, De Da Da Da",The Police,1980
Don't Stand So Close To Me,The Police,1980
Driven to Tears,The Police,1980
Every Breath You Take,The Police,1983
Every Little Thing She Does Is Magic,The Police,1981
Invisible Sun,The Police,1981
King Of Pain,The Police,1983
Message In A Bottle,The Police,1979
Roxanne,The Police,1978
So Lonely,The Police,1978
Spirits In The Material World,The Police,1981
Synchronicity II,The Police,1983
Walking On The Moon,The Police,1979
Wrapped Around Your Finger,The Police,1983
Some Like It Hot,The Power Station,1985
Back On The Chain Gang,The Pretenders,1982
Brass In Pocket,The Pretenders,1980
Don't Get Me Wrong,The Pretenders,1986
Message of Love,The Pretenders,
Middle Of The Road,The Pretenders,1984
My City Was Gone,The Pretenders,1984
Mystery Achievement,The Pretenders,
TALK OF THE TOWN,The Pretenders,1980
Blitzkrieg Bop,The Ramones,1976
Do You Remember Rock 'n' Roll Radio,The Ramones,1980
I Wanna Be Sedated,The Ramones,1978
Rock 'n' Roll High School,The Ramones,
Rockaway Beach,The Ramones,
Teenage Lobotomy,The Ramones,
TALKING IN YOUR SLEEP,The Romantics,1983
What I Like About You,The Romantics,1980
Itchycoo Park,The Small Faces,1967
A Girl Like You,The Smithereens,1989
I'm A Man,The Spencer Davis Group,1967
Dirty Water,The Standells,1966
End of the Line,The Traveling Wilburys,1988
Handle with Care,The Traveling Wilburys,1988
Tweeter and the Monkey Man,The Traveling Wilburys,
She's a Beauty,The Tubes,1983
Talk To Ya Later,The Tubes,1981
One Headlight,The Wallflowers,1996
Seven Nation Army,The White Stripes,2003
5:15,The Who,1973
ANOTHER TRICKY DAY,The Who,
Athena,The Who,1982
Baba O'Reilly,The Who,1971
Bargain,The Who,1971
Behind Blue Eyes,The Who,1971
Eminence Front,The Who,1982
Getting In Tune,The Who,
Going Mobile,The Who,1971
Happy Jack,The Who,1966
I Can See For Miles,The Who,1968
I CAN'T EXPLAIN,The Who,1965
I'm Free,The Who,1969
Join Together,The Who,1972
Long Live Rock,The Who,1972
Love Reign O'er Me,The Who,1973
Magic Bus,The Who,1968
My Generation,The Who,1965
Pinball Wizard,The Who,1969
Shakin' All Over,The Who,
Squeeze Box,The Who,1975
Substitute,The Who,1966
Summertime Blues,The Who,
The Kids Are Alright,The Who,1965
The Real Me,The Who,1973
THE SEEKER,The Who,1970
THE SONG IS OVER,The Who,1971
We're Not Gonna Take It,The Who,1969
Who Are You,The Who,1978
Won't Get Fooled Again,The Who,1971
You Better You Bet,The Who,1981
Get Together,The Youngbloods,2005
Jailbreak,Thin Lizzy,1976
The Boys Are Back In Town,Thin Lizzy,1976
The Cowboy Song,Thin Lizzy,
Semi-Charmed Life,Third Eye Blind,1997
Something In the Air,Thunderclap Newman,1969
Bang the Drum All Day,Todd Rundgren,1983
Hello It's Me,Todd Rundgren,1972
I Saw the Light,Todd Rundgren,1972
We Gotta Get You a Woman,Todd Rundgren,1970
Life Is a Highway,Tom Cochrane,1992
A Face In The Crowd,Tom Petty & The Heartbreakers,
A Woman In Love,Tom Petty & The Heartbreakers,1981
American Dream Plan B,Tom Petty & The Heartbreakers,
American Girl,Tom Petty & The Heartbreakers,1977
Breakdown,Tom Petty & The Heartbreakers,1977
Change of Heart,Tom Petty & The Heartbreakers,
Don't Come Around Here No More,Tom Petty & The Heartbreakers,1985
Don't Do Me Like That,Tom Petty & The Heartbreakers,1979
Even the Losers,Tom Petty & The Heartbreakers,
Fooled Again (I Don't Like It),Tom Petty & The Heartbreakers,
Free Fallin',Tom Petty & The Heartbreakers,1989
Here Comes My Girl,Tom Petty & The Heartbreakers,1979
I Need to Know,Tom Petty & The Heartbreakers,
I Won't Back Down,Tom Petty & The Heartbreakers,1989
Into the Great Wide Open,Tom Petty & The Heartbreakers,
Jammin' Me,Tom Petty & The Heartbreakers,1987
Learning To Fly,Tom Petty & The Heartbreakers,1991
Listen To Your Heart,Tom Petty & The Heartbreakers,
Mary Jane's Last Dance,Tom Petty & The Heartbreakers,1993
Refugee,Tom Petty & The Heartbreakers,1979
Runnin' Down a Dream,Tom Petty & The Heartbreakers,1989
Stop Draggin' My Heart Around,Tom Petty & The Heartbreakers,1981
The Waiting,Tom Petty & The Heartbreakers,1981
U Get Me High,Tom Petty & The Heartbreakers,
Yer So Bad,Tom Petty & The Heartbreakers,
You Don't Know How It Feels,Tom Petty & The Heartbreakers,1994
You Get Me High,Tom Petty & The Heartbreakers,
You Got Lucky,Tom Petty & The Heartbreakers,1982
You Wreck Me,Tom Petty & The Heartbreakers,1994
867-5309 / Jenny,Tommy Tutone,1982
If You Could Only See,Tonic,
AFRICA,Toto,1982
Hold The Line,Toto,1978
Dear Mr. Fantasy,Traffic,
Empty Pages,Traffic,
Medicated Goo,Traffic,
Medusa,Trapeze,
Fight The Good Fight,Triumph,
Hold On,Triumph,1979
I Can Survive,Triumph,
Lay It On the Line,Triumph,
Magic Power,Triumph,
Happy Together,Turtles,1967
I Wanna Rock,Twisted Sister,1984
We're Not Gonna Take It,Twisted Sister,1984
Angel Of Harlem,U2,1988
Bad,U2,1984
Beautiful Day,U2,2000
Bullet the Blue Sky,U2,1987
Desire,U2,1988
Even Better Than the Real Thing,U2,1991
I Still Haven't Found What I'm Looking For,U2,1987
I Will Follow,U2,1980
MLK/Pride,U2,1984
Mysterious Ways,U2,1991
New Year's Day,U2,1983
One,U2,1991
Pride (In the Name of Love),U2,1984
Sunday Bloody Sunday,U2,1983
Sweetest Thing,U2,1987
Vertigo,U2,2004
When Love Comes to Town,U2,1988
Where the Streets Have No Name,U2,1987
With Or Without You,U2,1987
Red Red Wine,UB40,1983
Lights Out (Live),UFO,1976
Too Hot To Handle,UFO,
Easy Livin',Uriah Heep,
Stealin',Uriah Heep,1973
The Wizard,Uriah Heep,1972
(Oh) Pretty Woman,Van Halen,1982
1984/jump,Van Halen,1984
Ain't Talkin' 'bout Love,Van Halen,1978
And the Cradle Will Rock...,Van Halen,1980
Atomic Punk,Van Halen,
Beautiful Girls,Van Halen,1979
Best Of Both Worlds,Van Halen,
Black And Blue,Van Halen,
Dance the Night Away,Van Halen,1979
Dancing In the Street,Van Halen,1982
Dreams,Van Halen,1986
Drop Dead Legs,Van Halen,
Eruption - You Really Got Me,Van Halen,1978
Everybody Wants Some!!,Van Halen,1980
Feel Your Love Tonight,Van Halen,
Feels So Good,Van Halen,
Finish What Ya Started,Van Halen,
Hot for Teacher,Van Halen,1984
I'll Wait,Van Halen,
I'm the One,Van Halen,1978
Ice Cream Man,Van Halen,1978
Intruder/ Pretty Woman,Van Halen,
Jamie's Cryin',Van Halen,1978
Jump,Van Halen,1984
Little Dreamer,Van Halen,
Little Guitars,Van Halen,1982
Love Walks In,Van Halen,1986
Mean Street,Van Halen,
Panama,Van Halen,1984
Poundcake,Van Halen,1991
PRETTY WOMAN,Van Halen,
Right Now,Van Halen,1991
Runaround,Van Halen,
Runnin' with the Devil,Van Halen,1978
Somebody Get Me A Doctor,Van Halen,
Summer Nights,Van Halen,1986
Take Your Whiskey Home,Van Halen,
Top Jimmy,Van Halen,
Top of the World,Van Halen,
Unchained,Van Halen,1981
When It's Love,Van Halen,1988
Where Have All the Good Times Gone!,Van Halen,1982
Why Can't This Be Love,Van Halen,1986
You Really Got Me,Van Halen,1978
And It Stoned Me,Van Morrison,
BLUE MONEY,Van Morrison,
Brown Eyed Girl,Van Morrison,1967
CRAZY LOVE,Van Morrison,1970
Domino,Van Morrison,1970
Gloria,Van Morrison,
Into The Mystic,Van Morrison,1970
Jackie Wilson Said,Van Morrison,
Moondance,Van Morrison,1970
Wild Night,Van Morrison,1971
Blister In the Sun,Violent Femmes,1982
Edge of a Broken Heart,Vixen,
Low Rider,War,1975
Spill the Wine,War,1970
The Cisco Kid,War,1972
Why Can't We Be Friends,War,1975
Cherry Pie,Warrant,1990
Uncle Tom's Cabin,Warrant,
"Lawyers, Guns and Money",Warren Zevon,1978
Werewolves of London,Warren Zevon,1978
Buddy Holly,Weezer,1994
Street Corner Serenade,Wet Willie,
Wait,White Lion,
Fool for Your Loving,Whitesnake,1980
Here I Go Again,Whitesnake,1987
Is This Love,Whitesnake,1987
Slide It In,Whitesnake,1984
Slow An' Easy,Whitesnake,
Still of the Night,Whitesnake,
Who Are You?,Why Not,
PLAY THAT FUNKY MUSIC,Wild Cherry,1976
Night Moves,Wildlife,
We've Got Tonight,Wildlife,
Can't Get Enough,Winger,
Headed For A Heartbreak,Winger,
Seventeen,Winger,
Persephone,Wishbone Ash,1980
Summertime Girls,Y&T,
Changes,Yes,1983
I've Seen All Good People,Yes,1971
It Can Happen,Yes,1983
Leave It,Yes,1983
Long Distance Runaround,Yes,1972
Owner of a Lonely Heart,Yes,1983
Roundabout,Yes,1971
Starship Trooper,Yes,1971
Wonderous Stories,Yes,
Yours Is No Disgrace,Yes,1971
Tell Me What You Want,Zebra,
Who's Behind The Door,Zebra,
Time of the Season,Zombies,1968
A Fool for Your Stockings,ZZ Top,
Arrested For Driving While Blind,ZZ Top,1976
Beer Drinkers & Hell Raisers,ZZ Top,1973
Cheap Sunglasses,ZZ Top,1980
Gimme All Your Lovin,ZZ Top,1983
Got Me Under Pressure,ZZ Top,1983
Heard It On the X,ZZ Top,1975
I Thank You,ZZ Top,
"I'm Bad, I'm Nationwide",ZZ Top,
Jesus Just Left Chicago,ZZ Top,1973
Just Got Paid,ZZ Top,
La Grange,ZZ Top,1973
Legs,ZZ Top,1983
My Head's In Mississippi,ZZ Top,
Party On The Patio,ZZ Top,
Pearl Necklace,ZZ Top,1981
Sharp Dressed Man,ZZ Top,1983
She Loves My Automobile,ZZ Top,
Tube Snake Boogie,ZZ Top,1981
Tush,ZZ Top,1975
TV Dinners,ZZ Top,1983
